,id,screen_name,location,protected,verified,followers_count,friends_count,listed_count,favourites_count,statuses_count,created_at,default_profile,default_profile_image
542,17449993,HeikoRauch,"Berlin, Germany",False,False,1022,1119,121,491,538,Mon Nov 17 20:42:47 +0000 2008,False,False
8135,140469965,tadwalkar,"Cupertino, CA",False,False,120,144,12,84,549,Wed May 05 15:31:45 +0000 2010,True,False
1416,817119614538809344,oldmanlopez,,False,False,36,695,1,602,612,Thu Jan 05 21:24:32 +0000 2017,True,False
10700,78621404,argami_,"Barcelona, Spain",False,False,205,473,23,157,1092,Wed Sep 30 14:58:08 +0000 2009,False,False
1546,608778831,itzelgarmed,,False,False,359,1658,2,551,1136,Fri Jun 15 02:23:17 +0000 2012,False,False
387,822227118708826112,RichardVevers,"Newport, RI",False,False,3586,371,54,429,492,Thu Jan 19 23:39:56 +0000 2017,False,False
7323,3040931685,SrJuanRamonRuiz,"Barcelona, Spain",False,False,417,1175,95,467,921,Mon Feb 16 16:11:30 +0000 2015,False,False
3706,633916246,Incontactos,Colombia,False,False,394,791,5,447,744,Thu Jul 12 17:46:27 +0000 2012,True,False
12001,374165170,Licysca,Madrid,False,False,190,351,17,469,471,Thu Sep 15 20:34:01 +0000 2011,False,False
4908,163627275,ManuVegaP,"Cuenca, Ecuador",False,False,1022,1814,33,5903,1348,Tue Jul 06 22:21:27 +0000 2010,False,False
6534,485647089,locreasono,,False,False,1194,1314,85,371,1825,Tue Feb 07 12:37:13 +0000 2012,False,False
3786,42731539,Edouard_Prevot,"Paris, France",False,False,262,581,31,425,620,Tue May 26 21:48:25 +0000 2009,False,False
7577,429728268,JonathanVerger_,"Barcelona, Spain",False,False,184,733,14,47,427,Tue Dec 06 09:33:18 +0000 2011,False,False
11850,111567936,silviaez,Barcelona,False,False,175,329,13,674,1217,Fri Feb 05 11:29:19 +0000 2010,False,False
10170,50972499,maelstraggiotti,"Geneva, Switzerland",False,False,588,2233,33,1406,1735,Fri Jun 26 08:10:57 +0000 2009,False,False
8068,2333304429,AntonellaTroci1,,False,False,54,400,0,934,409,Sun Feb 09 07:58:24 +0000 2014,True,False
4535,793010784234246144,MariaLopezM_S,"Madrid, Comunidad de Madrid",False,False,551,1110,30,1764,610,Mon Oct 31 08:44:39 +0000 2016,True,False
11474,2367277656,BenTarenne,Barcelona for two months,False,False,248,661,15,41,597,Sat Mar 01 16:16:54 +0000 2014,True,False
6742,3260491297,DevPicon,"Santiago, Chile",False,False,780,846,36,2306,1688,Mon Jun 29 22:15:28 +0000 2015,False,False
10657,36966744,lonngibass,Mexico,False,False,878,2193,10,52,1487,Fri May 01 15:31:15 +0000 2009,False,False
10933,2411176880,opaat_,London,False,False,70,344,0,1,1387,Tue Mar 25 15:25:10 +0000 2014,True,False
6408,2859386603,helenavicart,Barcelona 游깴 Planet Earth 驕勇뀰nfinite Universe游돕,False,False,80,292,3,2110,406,Mon Nov 03 19:36:40 +0000 2014,False,False
11482,102464853,andrespulgarine,Madrid Bogot치,False,False,963,2326,72,251,1459,Wed Jan 06 20:03:49 +0000 2010,False,False
191,543430600,EULearning,Europe,False,False,1337,2078,44,544,981,Mon Apr 02 13:56:01 +0000 2012,True,False
10484,19210798,smironescu,Barcelona,False,False,182,95,3,11,1317,Tue Jan 20 00:27:20 +0000 2009,False,False
8145,52668895,JuanmaNieto,Madrid,False,False,619,1368,45,967,597,Wed Jul 01 08:13:40 +0000 2009,False,False
12144,141000995,steinkelz,"Tenerife, Spain",False,False,409,131,74,631,1464,Thu May 06 23:01:09 +0000 2010,False,False
2840,78280683,JeanDanielG,"Paris, France",False,False,155,354,16,365,661,Tue Sep 29 11:25:26 +0000 2009,False,False
11197,80464248,carlos_yy,Bogota,False,False,335,635,5,1065,1338,Wed Oct 07 01:58:33 +0000 2009,False,False
4900,2914570350,pramodvidyarthi,"Bengaluru, India",False,False,384,1388,32,2555,715,Sun Nov 30 10:18:49 +0000 2014,True,False
11609,319766934,Bersatiles,"Madrid, Spain",False,False,31,119,1,25,1094,Sat Jun 18 18:09:08 +0000 2011,False,False
7606,1026796884,MoonsystemsCol,Bogot치 - Colombia,False,False,411,2249,13,45,826,Fri Dec 21 17:27:53 +0000 2012,False,False
484,1020571628948910081,Crowcatcher2,"Budapest, Hungary",False,False,216,1818,1,957,425,Sat Jul 21 07:30:12 +0000 2018,True,False
4311,109897221,AztonLu,Cusco,False,False,168,507,1,135,609,Sat Jan 30 16:38:52 +0000 2010,False,False
11145,2493734748,citydeskmiami,350 S Miami Ave Miami FL,False,False,632,943,25,85,465,Wed May 14 04:05:49 +0000 2014,False,False
7126,2244430393,changeagain_me,"Tallinn, Estonia",False,False,1058,2665,55,59,931,Fri Dec 13 20:06:07 +0000 2013,False,False
7923,3128571328,Pozzoli_Radice,Villa Guardia (CO) - Italia,False,False,363,644,8,725,692,Mon Mar 30 08:48:13 +0000 2015,True,False
5032,3833851527,skybetsheffield,"Sheffield, England",False,False,1028,1764,82,1028,1460,Thu Oct 01 13:40:38 +0000 2015,True,False
1640,931077211268009984,blablamartina,"Madrid, Comunidad de Madrid",False,False,752,638,37,417,1177,Thu Nov 16 08:31:20 +0000 2017,False,False
8737,620585985,Counselor_Amy,"Stillwater, OK",False,False,217,1242,10,612,1746,Thu Jun 28 01:14:30 +0000 2012,True,False
2090,968130940479340545,monicasanovas06,"Barcelona, Spain",False,False,19,80,0,18,1599,Mon Feb 26 14:29:38 +0000 2018,True,False
1972,380944891,jdetorov,"Valencia, Espa침a",False,False,993,1248,14,4167,1461,Tue Sep 27 14:01:44 +0000 2011,True,False
11289,15658248,dvillalobos,Madrid,False,False,226,507,18,560,650,Wed Jul 30 09:18:37 +0000 2008,False,False
7971,3233300341,IEEEMX,"Monterrey, Nuevo Le칩n",False,False,1028,3784,20,248,898,Tue Jun 02 06:36:09 +0000 2015,False,False
6378,3069497087,PiervincenzoR,Head of Acquiring & Loyalty,False,False,418,1238,51,2281,1821,Wed Mar 04 09:03:06 +0000 2015,False,False
356,596647875,SaraadelValle,,False,False,72,67,0,34,432,Fri Jun 01 15:42:22 +0000 2012,False,False
9897,206639115,Monarksingh,"Pune, India",False,False,248,2482,7,239,625,Sat Oct 23 11:42:43 +0000 2010,False,False
7823,2830461762,Code_TN,"912 S Gay St, Knoxville, TN 37902",False,False,364,529,12,483,396,Wed Sep 24 21:04:30 +0000 2014,False,False
11651,273363856,MeryColh,Madrid,False,False,243,712,11,284,884,Mon Mar 28 10:34:15 +0000 2011,False,False
9666,263578719,fedrom_fedrom,Madrid,False,False,173,38,2,26,978,Thu Mar 10 09:31:30 +0000 2011,False,False
7453,3891252635,AthenianVenture,"Fort Lauderdale, FL",False,False,423,916,86,804,1206,Wed Oct 07 15:46:58 +0000 2015,True,False
1605,53692693,arturocuenca,DF,False,False,550,1353,22,275,1135,Sat Jul 04 15:35:39 +0000 2009,False,False
6361,75492734,aralroca,Barcelona,False,False,811,1056,74,4594,1542,Sat Sep 19 06:41:34 +0000 2009,False,False
6555,242451023,esbanarango,,False,False,536,2593,33,9316,1042,Mon Jan 24 20:30:42 +0000 2011,False,False
5548,754296646607966208,master21academy,"Z칲rich, Schweiz",False,False,724,737,18,608,727,Sat Jul 16 12:48:29 +0000 2016,False,False
8914,52050852,ultrawombat,"Laurel, MD",False,False,305,1309,10,196,690,Mon Jun 29 13:11:38 +0000 2009,False,False
5283,143953787,vaquerocarlos,Valladolid,False,False,112,182,13,338,803,Fri May 14 22:10:32 +0000 2010,True,False
4331,183833750,alexbrand,"Miami, FL",False,False,530,533,23,1406,565,Sat Aug 28 00:45:14 +0000 2010,False,False
11238,1683402841,veroaruquipa,"Eindhoven, Nederland",False,False,590,854,18,484,818,Mon Aug 19 14:16:21 +0000 2013,False,False
7792,15390623,argenisleon,Planeta tierra,False,False,1317,4791,36,2792,1759,Fri Jul 11 12:22:04 +0000 2008,False,False
3838,3345211073,MarcoRubioPerea,"Madrid, Comunidad de Madrid",False,False,146,446,7,260,469,Thu Jun 25 07:23:47 +0000 2015,True,False
5596,4364423003,dayskapp,"Barcelona, Spain",False,False,329,629,46,192,440,Thu Dec 03 19:37:36 +0000 2015,False,False
9418,40628251,deYoungster,"Vancouver, Canada",False,False,595,685,29,146,1629,Sun May 17 08:12:06 +0000 2009,False,False
10868,331780040,franklinbuitron,,False,False,408,1871,19,1266,1208,Fri Jul 08 18:11:37 +0000 2011,True,False
2596,1541436096,BigData_WG,Mexique,False,False,515,208,55,8,1371,Sun Jun 23 17:29:11 +0000 2013,True,False
5473,272048427,hsiinetwork,"San Francisco, Boston, Austin ",False,False,430,1073,33,1388,577,Fri Mar 25 18:21:18 +0000 2011,True,False
7205,194321949,wainwrightelem,Houston ,False,False,756,177,9,294,640,Thu Sep 23 21:19:46 +0000 2010,False,False
935,347165538,jracabrera,"Guadalajara, Spain",False,False,791,2288,63,2202,1628,Tue Aug 02 11:19:40 +0000 2011,False,False
10158,1929830226,tecnouab,Cerdanyola del Vall칟s,False,False,685,547,18,699,627,Thu Oct 03 08:07:40 +0000 2013,False,False
4899,129889809,NewM4N1987,Espa침a,False,False,228,913,7,1108,787,Mon Apr 05 18:29:19 +0000 2010,False,False
7025,471312990,DocuVital,"Miami, FL",False,False,195,341,160,314,1181,Sun Jan 22 18:38:57 +0000 2012,True,False
2832,1913596770,adriadorado,Barcelona,False,False,296,1269,18,3132,531,Sat Sep 28 09:01:56 +0000 2013,False,False
5884,742037389615456256,dsantosmerino,"Barcelona, Spain",False,False,190,203,30,765,700,Sun Jun 12 16:54:35 +0000 2016,False,False
4981,27415668,priralston,Earth,False,False,265,1296,8,2300,862,Sun Mar 29 12:13:00 +0000 2009,False,False
11064,1195118724,YepesEsteban,Medell칤n. Colombia,False,False,108,139,68,774,757,Mon Feb 18 22:35:31 +0000 2013,False,False
6023,3168026257,WritersDetctive,California,False,False,2581,4435,49,3536,1068,Wed Apr 22 22:55:42 +0000 2015,True,False
4667,718058835240312832,slimcut7,,False,False,117,382,8,23,1354,Thu Apr 07 12:52:22 +0000 2016,True,False
9070,1259963616,FabienLameyre,Bordeaux,False,False,267,340,42,387,462,Mon Mar 11 17:23:35 +0000 2013,False,False
718,1109522145741283328,Official_MoalTD,"Dwarka, India",False,False,237,1034,6,831,1168,Sat Mar 23 18:27:48 +0000 2019,False,False
7742,1377240518,netmonstersweb,Spain,False,False,116,448,10,34,501,Wed Apr 24 14:54:43 +0000 2013,False,False
7804,2542684843,SamTheWebb,"San Diego, CA",False,False,239,823,108,1338,1678,Tue Jun 03 03:18:35 +0000 2014,False,False
5288,773165092842016768,D_ofashandfire,"Oklahoma City, OK",False,False,366,462,23,28449,1245,Tue Sep 06 14:24:57 +0000 2016,False,False
8323,1898819814,kateeflemingg,"Seattle, WA",False,False,255,182,6,2713,543,Tue Sep 24 01:06:47 +0000 2013,False,False
5605,508112053,rafaelparedes_c,"Quito, Ecuador",False,False,170,969,8,2422,1160,Wed Feb 29 00:03:05 +0000 2012,False,False
6859,306225655,danivieira3,"Getafe, Spain",False,False,147,306,1,86,788,Fri May 27 14:19:22 +0000 2011,False,False
2354,800342975247093760,startupgrindber,Berlin,False,False,407,633,10,988,489,Sun Nov 20 14:20:09 +0000 2016,True,False
2014,29050365,robertqhe,"Distrito Federal, M칠xico",False,False,375,1765,5,1066,821,Sun Apr 05 19:59:36 +0000 2009,False,False
5902,118536996,oscartzgz,Mexico,False,False,142,1115,9,588,441,Mon Mar 01 00:37:47 +0000 2010,False,False
8708,176905860,nbordenave,@ Mdeo,False,False,229,423,13,400,1166,Tue Aug 10 19:12:01 +0000 2010,True,False
10985,280751193,elizabeth011685,Mexico,False,False,257,625,3,1203,1794,Mon Apr 11 23:34:22 +0000 2011,False,False
5842,523419774,lbrionesp,"Optimistyle!, Santiago, Chile",False,False,435,1242,17,199,1081,Tue Mar 13 16:28:21 +0000 2012,False,False
7663,461901096,SaraMardomingo,Madrid,False,False,72,170,7,110,655,Thu Jan 12 10:00:26 +0000 2012,False,False
9925,2893981720,ochojan,Nomad,False,False,533,2032,35,24,1174,Wed Nov 26 23:25:38 +0000 2014,True,False
6025,589209762,MimFerrer,Madrid (Espa침a),False,False,150,570,13,1315,1162,Thu May 24 13:39:51 +0000 2012,False,False
6946,4849343481,johnny_reina,"Lubbock, TX",False,False,369,1660,23,5978,751,Tue Jan 26 11:27:24 +0000 2016,False,False
9360,2440166767,WebDevKAB,San Francisco Bay Area,False,False,807,1861,34,618,447,Sat Apr 12 15:22:27 +0000 2014,True,False
10099,109162190,heycampbell,"Oakland, CA",False,False,224,498,8,107,567,Thu Jan 28 04:31:29 +0000 2010,False,False
3360,363939409,lauragllamas,"Madrid | Bilbao, Espa침a",False,False,884,2016,71,771,1331,Sun Aug 28 23:19:29 +0000 2011,False,False
5664,461902690,Diana_didz,"Bucharest, Romania",False,False,135,320,10,391,523,Thu Jan 12 10:03:48 +0000 2012,False,False
6789,246514358,mpgrosso,madrid,False,False,319,683,29,76,563,Wed Feb 02 22:51:12 +0000 2011,False,False
3085,50816816,aberouch,Madrid,False,False,1518,527,50,1162,1718,Thu Jun 25 23:36:58 +0000 2009,False,False
5036,779138949273051138,Tabarek_Ayad,Iraq,False,False,870,4999,31,3181,819,Fri Sep 23 02:02:56 +0000 2016,False,False
313,602895265,ulucaydemir,"Rotterdam, The Netherlands",False,False,50,1013,1,177,560,Fri Jun 08 16:37:45 +0000 2012,True,False
11212,209444617,JhonatanAcelas,Colombia,False,False,187,673,5,185,1365,Fri Oct 29 06:03:35 +0000 2010,False,False
9033,608961704,rramonfraga,Madrid,False,False,274,587,17,2004,771,Fri Jun 15 10:11:58 +0000 2012,False,False
4405,94124216,teresaalamos,Seville,False,False,454,479,51,1775,1759,Wed Dec 02 16:40:22 +0000 2009,False,False
293,544428346,tonythezio,"Kochi, Kerala, India",False,False,145,1430,1,1245,631,Tue Apr 03 16:57:58 +0000 2012,False,False
10744,237326547,carlos3lomas,Treslomense en Buenos Aires,False,False,138,452,2,2962,1158,Wed Jan 12 15:57:38 +0000 2011,False,False
4039,3679584321,otherjaume,"Barcelona, Espanya",False,False,170,527,11,6533,1130,Wed Sep 16 23:18:38 +0000 2015,False,False
754,154523308,JelteHomminga,"Amsterdam, The Netherlands",False,False,199,604,8,2450,1000,Fri Jun 11 13:19:29 +0000 2010,False,False
7038,608601359,_ionzi_,游꺖 || 久쐞잺,False,False,406,620,34,1368,1699,Thu Jun 14 23:44:21 +0000 2012,False,False
7636,3525970456,reen_tim,"Los Angeles, CA",False,False,241,290,18,517,578,Wed Sep 02 18:33:46 +0000 2015,True,False
6763,3296447297,calzada_marta,,False,False,270,303,0,3494,1403,Sun May 24 11:54:17 +0000 2015,True,False
815,235604917,saragaruiz,Madrid,False,False,89,225,2,389,500,Sat Jan 08 16:40:43 +0000 2011,False,False
11436,294764913,Chakaitos,"Fort Lauderdale, FL",False,False,231,647,7,713,1394,Sat May 07 18:39:42 +0000 2011,False,False
7405,2547538163,ComputerWh1z,"Miami, FL",False,False,97,483,22,13180,1724,Wed May 14 15:04:12 +0000 2014,True,False
8635,2963365588,EdePartners,"New York, NY",False,False,362,1094,39,303,1230,Tue Jan 06 03:27:40 +0000 2015,False,False
7579,3326260779,AmpliativeArt,Worldwide,False,False,416,1298,42,1011,848,Mon Jun 15 05:48:05 +0000 2015,True,False
5267,770977524780118017,poprouser,"Miami, FL",False,False,97,247,9,394,863,Wed Aug 31 13:32:20 +0000 2016,False,False
6544,3077094745,kimbridgeskc,"Kansas City, MO Area",False,False,551,1921,14,2341,1346,Fri Mar 13 15:07:03 +0000 2015,False,False
2460,512760894,Mockingbot,Beijing,False,False,1090,862,12,109,472,Sat Mar 03 04:03:51 +0000 2012,False,False
8246,25054180,JamieCamidge,"Jakarta Capital Region, Indonesia",False,False,487,847,24,692,554,Wed Mar 18 10:36:09 +0000 2009,False,False
2993,21333577,OlavHjertaker,Bergen/Barcelona/Lisboa/Cali,False,False,469,1930,31,1508,1208,Thu Feb 19 20:07:39 +0000 2009,False,False
8378,252260792,jesicamadrid,Quito,False,False,724,952,28,1284,836,Mon Feb 14 20:51:23 +0000 2011,False,False
3418,428273831,LorenaMoncadaes,,False,False,315,220,6,830,1764,Sun Dec 04 15:18:07 +0000 2011,False,False
8624,268904533,itskarlotte,Paris,False,False,332,521,40,879,683,Sat Mar 19 18:18:01 +0000 2011,False,False
6083,335450041,daspccs,,False,False,294,3181,9,6050,1483,Thu Jul 14 18:11:00 +0000 2011,True,False
674,240609645,oliialioli,Madrid - Pamplona,False,False,272,809,2,410,679,Thu Jan 20 09:33:36 +0000 2011,False,False
4528,86023891,BrightMindsUK,"Radstock, Bath, UK",False,False,2240,1843,42,252,1257,Thu Oct 29 08:47:47 +0000 2009,False,False
10289,196465633,katharinemfoley,Milwaukee,False,False,627,2272,15,1236,432,Wed Sep 29 04:43:32 +0000 2010,True,False
11354,245443299,Hernandez_JImmy,Maracay - Venezuela,False,False,297,668,0,61,1740,Mon Jan 31 18:19:32 +0000 2011,False,False
8651,2866492845,HubFuerteventur,"Corralejo, Fuerteventura",False,False,413,457,99,77,777,Fri Nov 07 23:06:42 +0000 2014,False,False
12134,1112107544,MADVentureCafe,"Madrid, Espa침a",False,False,445,302,32,352,1014,Tue Jan 22 17:20:08 +0000 2013,False,False
7699,29573862,ali_erbil,"Miami, FL",False,False,82,159,2,58,451,Tue Apr 07 23:13:35 +0000 2009,False,False
585,757276754,LuisMarSac,SEGOVIA - TENERIFE - WORLDWIDE,False,False,1066,4998,12,2753,1337,Tue Aug 14 14:40:11 +0000 2012,False,False
5251,257539539,thegabyzapata,"Madrid, Comunidad de Madrid",False,False,523,607,16,180,923,Fri Feb 25 16:59:18 +0000 2011,False,False
11439,393630262,dustronin,"Coral Springs, Florida",False,False,160,614,8,512,418,Tue Oct 18 20:44:30 +0000 2011,False,False
10708,589254059,xing_esp,Espa침a,False,False,1052,436,33,968,1303,Thu May 24 16:41:55 +0000 2012,False,False
4848,220681205,ManuMunozR,Malaga - Madrid - Bangkok,False,False,482,947,28,572,423,Sun Nov 28 14:42:23 +0000 2010,False,False
7108,2923083580,een_bilbao,Bilbao,False,False,99,146,10,97,1589,Mon Dec 15 15:39:18 +0000 2014,False,False
8875,219043435,Fisico0,,False,False,91,427,6,197,524,Tue Nov 23 19:43:27 +0000 2010,False,False
1150,203536237,anatp10,"Seville, Spain",False,False,392,415,1,111,968,Sat Oct 16 14:13:14 +0000 2010,False,False
1631,2331688646,joinverse,"Barcelona, Spain",False,True,4024,1091,90,713,1266,Fri Feb 07 11:01:46 +0000 2014,False,False
2251,311394370,algallegoi,Global,False,False,964,3754,18,1162,1599,Sun Jun 05 11:19:23 +0000 2011,True,False
2882,893892188941299712,gabimitchem,"Bristol, England",False,False,298,657,7,2073,467,Sat Aug 05 17:51:20 +0000 2017,False,False
6133,2810380957,NebbiaTech,"Orlando, FL",False,False,488,596,43,171,1083,Mon Sep 15 00:17:47 +0000 2014,False,False
523,18247201,CarlosBode,Barcelona Spain,False,False,1201,5000,78,351,753,Fri Dec 19 18:09:30 +0000 2008,True,False
8627,2850238735,PBCodeSchool,"Palm Beach Gardens, Florida",False,False,698,1991,67,52,1533,Fri Oct 10 11:32:53 +0000 2014,False,False
5474,3381583611,jurisconsulta20,,False,False,128,362,1,5,844,Sat Jul 18 11:54:16 +0000 2015,False,False
1434,255153580,beatrix_f,Bilbao,False,False,141,528,8,213,491,Sun Feb 20 19:54:08 +0000 2011,False,False
8460,2717303059,Dext_OUATTARA,C칪te d'Ivoire,False,False,1165,835,79,125,677,Fri Aug 08 15:01:10 +0000 2014,True,False
7375,3323401803,cs50xMiami,"Miami, FL",False,False,490,122,27,313,441,Sat Jun 13 18:38:31 +0000 2015,False,False
3187,842142954793897984,laTBcn,"Barcelona, Espa침a",False,False,1195,886,58,155,712,Wed Mar 15 22:38:21 +0000 2017,False,False
447,806582716758130688,Cfabian_blog,M칠xico,False,False,127,737,6,2049,404,Wed Dec 07 19:34:40 +0000 2016,True,False
3566,462401133,dediegus,"Madrid, Comunidad de Madrid",False,False,98,196,9,648,499,Thu Jan 12 22:40:24 +0000 2012,False,False
906,423321579,omar_sv88,La Virgen del Camino (Le칩n),False,False,96,193,1,1558,537,Mon Nov 28 10:49:51 +0000 2011,False,False
10701,2719901469,arg_310,,False,False,660,653,1,6224,1568,Mon Jul 21 17:52:54 +0000 2014,False,False
867,2286386236,ZakFoc,,False,False,148,906,0,973,679,Thu Jan 16 18:24:17 +0000 2014,False,False
1007,1613680710,sander_pm,porai,False,False,80,679,1,5594,730,Mon Jul 22 21:35:17 +0000 2013,False,False
10569,111272415,xaviersbanegas,"Miami, FL",False,False,240,969,9,1922,1418,Thu Feb 04 10:34:47 +0000 2010,False,False
1040,2397665445,jorgeruano7,"Community of Madrid, Spain",False,False,711,104,1,3262,1528,Sun Mar 09 20:13:05 +0000 2014,False,False
3076,883736929124184064,MonicaCRey,"Barcelona, Spain",False,False,422,971,13,2694,980,Sat Jul 08 17:17:57 +0000 2017,False,False
1576,88228897,marianita_88,,False,False,778,2080,14,2796,1187,Sat Nov 07 17:26:05 +0000 2009,False,False
3304,1555281926,strangewaysriot,Madrid,False,False,134,712,3,296,1597,Sat Jun 29 09:41:59 +0000 2013,False,False
5045,23762200,silviacalvet,Barcelona,False,False,1753,1628,169,1725,1487,Wed Mar 11 13:29:14 +0000 2009,False,False
6021,711222269184503808,ScratchMalaga,,False,False,524,386,31,362,538,Sat Mar 19 16:06:17 +0000 2016,True,False
12006,589199459,JBofias,"Sabadell, Catalunya",False,False,137,215,0,64,542,Thu May 24 15:24:01 +0000 2012,True,False
5057,972123367,QAWorks_Ltd,United Kingdom,False,False,523,1094,0,122,899,Mon Nov 26 14:58:00 +0000 2012,False,False
9543,3046964601,enric_fuster,,False,False,149,238,20,1154,542,Fri Feb 20 15:06:01 +0000 2015,True,False
7319,435536128,Kimeasthope,Griffin GA,False,False,2096,4915,42,1123,1573,Tue Dec 13 05:09:21 +0000 2011,False,False
11799,17017248,PlanetaJavo,,False,False,313,961,22,316,1093,Tue Oct 28 07:28:15 +0000 2008,False,False
1382,2980135913,josetrivesbarco,,False,False,268,752,27,2383,977,Thu Jan 15 18:08:46 +0000 2015,True,False
10322,311479905,waspfreak,London - UK,False,False,279,657,19,66,1360,Sun Jun 05 14:40:03 +0000 2011,False,False
2155,72026726,vertiknet,Sad Hill,False,False,169,982,0,5330,654,Sun Sep 06 12:42:16 +0000 2009,False,False
8760,1570711999,armand760,FR,False,False,64,200,0,30,1106,Fri Jul 05 14:56:06 +0000 2013,True,False
1370,387265705,Ca_Castellano,Tenerife,False,False,280,278,2,1052,1786,Sat Oct 08 19:05:00 +0000 2011,False,False
1379,361106084,gabriellelrx,Paris,False,False,1860,1271,59,1332,1396,Wed Aug 24 07:54:02 +0000 2011,True,False
1744,195614289,yilis_nataly,,False,False,55,138,0,3,546,Mon Sep 27 04:11:53 +0000 2010,False,False
5595,2682085960,robdombi,"West Midlands, England",False,False,5184,3543,72,2543,1153,Mon Jul 07 04:48:54 +0000 2014,False,False
6310,91193213,JavierSalido,"Miami, FL",False,False,433,794,24,496,1560,Thu Nov 19 21:08:21 +0000 2009,False,False
5331,301295981,Gorkuelo,,False,False,590,1440,18,337,721,Thu May 19 07:04:23 +0000 2011,True,False
6890,3292151866,TamboWorks,5790 Sunset Dr. South Miami,False,False,289,301,53,148,484,Wed May 20 23:31:07 +0000 2015,True,False
953,1587853279,roosimgi,United States,False,False,250,285,17,899,475,Fri Jul 12 07:11:27 +0000 2013,True,False
2865,260174421,joseiacedo,Made in Malaga,False,False,172,355,8,2529,1100,Thu Mar 03 10:33:56 +0000 2011,False,False
6036,2413035152,solorocas,Arequipa city,False,False,32,92,0,141,579,Wed Mar 26 19:27:12 +0000 2014,False,False
9258,2379032869,johnddial,,False,False,925,2609,49,224,684,Sat Mar 08 17:09:54 +0000 2014,True,False
7328,2834079473,Stormbornstudio,Italy,False,False,440,651,25,429,420,Thu Oct 16 13:40:03 +0000 2014,False,False
1299,902521988,MattCohenRR,"Los Angeles, CA",False,False,301,830,9,69,653,Wed Oct 24 20:10:30 +0000 2012,False,False
4617,1956490195,yankovz,Madrid,False,False,1343,4992,39,249,455,Sat Oct 12 11:30:56 +0000 2013,True,False
8299,570210925,RealWillLives,United Kingdom,False,False,69,275,0,48,808,Thu May 03 19:05:17 +0000 2012,False,False
3048,823911960739770368,RSinsurtech,Spain,False,False,603,2616,39,386,875,Tue Jan 24 15:14:53 +0000 2017,False,False
7762,112761368,BeLocally,"Salt Lake City, UT",False,False,649,853,29,55,1727,Tue Feb 09 16:35:38 +0000 2010,False,False
564,10606582,pedroj0s,"Madrid, Comunidad de Madrid",False,False,168,713,41,859,939,Mon Nov 26 12:43:21 +0000 2007,False,False
7717,3187158993,LegalhackersBCN,Barcelona,False,False,1517,2306,56,483,700,Mon Apr 20 13:49:51 +0000 2015,False,False
10149,2880308279,_sadstorm_,earth,False,False,115,892,0,10705,767,Mon Nov 17 01:25:33 +0000 2014,False,False
7649,3223992840,SWSaintBrieuc,"Saint-Brieuc, France",False,False,998,2528,90,492,1835,Sat May 23 08:20:19 +0000 2015,False,False
1406,4033160421,a_pianpanya,"Ile-de-France, France",False,False,489,695,101,2535,1198,Sat Oct 24 17:56:54 +0000 2015,False,False
10804,450782514,Jedelap,Bogota,False,False,271,658,2,362,974,Fri Dec 30 17:09:55 +0000 2011,False,False
11552,344103364,pablogt91,"Madrid, Comunidad de Madrid",False,False,181,141,1,143,1097,Thu Jul 28 15:09:57 +0000 2011,False,False
6637,15622396,Inpersonalio,In the Internet,False,False,211,668,16,5463,724,Sun Jul 27 18:33:29 +0000 2008,False,False
6428,117734261,hansmelo,Berlin ,False,False,464,1843,10,595,425,Fri Feb 26 12:49:44 +0000 2010,False,False
8094,243011160,jaumeatw,"Barcelona, Spain",False,False,187,433,19,622,1669,Wed Jan 26 02:57:05 +0000 2011,False,False
7609,2965171331,DigitalGirlInc,"Brooklyn, NY",False,False,393,794,47,81,1686,Tue Jan 06 23:45:37 +0000 2015,True,False
5415,1446786284,AnthenOP,,False,False,37,248,2,26,456,Tue May 21 16:37:12 +0000 2013,True,False
1596,225066043,marcelinodmb,,False,False,239,525,3,133,750,Fri Dec 10 15:55:36 +0000 2010,False,False
29,89571795,juaningrassia,Buenos Aires,False,False,517,2409,11,1252,877,Thu Nov 12 23:36:57 +0000 2009,False,False
4190,16044232,MacusRomero,"Madrid, Spain",False,False,925,793,58,453,917,Fri Aug 29 16:40:53 +0000 2008,False,False
7143,468875185,PabloSnxz,,False,False,945,2322,28,5134,1479,Fri Jan 20 00:40:27 +0000 2012,False,False
9096,64900946,RobertAlbolino,Ft. Lauderdale FL,False,False,75,450,1,62,1736,Wed Aug 12 02:01:33 +0000 2009,True,False
8400,261505351,pixgraphixPhoto,Auckland/New Zealand,False,False,88,275,37,4,1602,Sun Mar 06 03:00:18 +0000 2011,False,False
6706,45629420,R3eba,Lisbon,False,False,177,285,25,195,881,Mon Jun 08 18:15:53 +0000 2009,False,False
5291,326817333,mpiyok,,False,False,106,551,7,5052,1162,Thu Jun 30 14:54:25 +0000 2011,True,False
5745,1265300460,CatalystGamma,"Miami, FL",False,False,168,438,64,92,1315,Wed Mar 13 19:57:44 +0000 2013,False,False
5286,3107997258,Fluffy_Knuckles,Brisbane,False,False,518,834,7,382,594,Thu Mar 26 06:39:42 +0000 2015,False,False
125,841274392881565697,TruewindIT,"Lisbon, Portugal",False,False,168,284,4,813,450,Mon Mar 13 13:07:00 +0000 2017,False,False
9501,166201031,LuisNaveran,Bilbao,False,False,106,254,6,279,935,Tue Jul 13 15:48:56 +0000 2010,False,False
10225,208479416,tarmelop,"Cambridge, MA",False,False,1590,1481,49,5385,1182,Wed Oct 27 10:46:27 +0000 2010,True,False
11082,318090768,Joudelbosc,,False,False,125,401,4,1388,487,Wed Jun 15 23:26:14 +0000 2011,False,False
1939,194776758,pame5656,Madrid,False,False,141,281,55,40,1292,Fri Sep 24 23:43:03 +0000 2010,False,False
566,3299883718,fuckviana,,False,False,14,68,0,2378,1761,Tue May 26 22:55:22 +0000 2015,False,False
1817,41656350,gelsys,Per칰,False,False,419,508,15,550,1313,Thu May 21 19:23:58 +0000 2009,False,False
6259,772279662,Ninja_Recruiter,"Barcelona, Espa침a",False,False,190,98,31,25,693,Tue Aug 21 21:19:29 +0000 2012,False,False
8997,2151043014,MagentoNinja,Poland,False,False,422,201,35,1178,693,Wed Oct 23 14:00:49 +0000 2013,False,False
2614,221899629,yacinehmito,"Paris, France",False,False,85,317,2,1569,563,Wed Dec 01 22:48:36 +0000 2010,False,False
8654,22225357,prashantsunkari,Redmond,False,False,147,1488,6,220,830,Sat Feb 28 03:47:27 +0000 2009,False,False
6931,3289773167,microhenrio,"Barcelona, Catalu침a",False,False,195,999,7,547,421,Tue May 19 09:10:26 +0000 2015,True,False
5866,726941507698196481,Sensemeet_es,Spain,False,False,373,862,15,470,946,Mon May 02 01:08:56 +0000 2016,False,False
9463,2872522413,clubmarabu,Barcelona,False,False,484,936,9,427,607,Tue Nov 11 17:15:04 +0000 2014,False,False
1365,103036907,julsgc,Betelgeuse,False,False,266,139,7,13,1065,Fri Jan 08 17:19:42 +0000 2010,False,False
7322,3111820960,iserveu_org,Canada,False,False,261,625,2,89,425,Tue Mar 24 21:54:29 +0000 2015,False,False
7498,2718317530,ItsTweetwave,"19, London",False,False,35,86,0,639,569,Sun Jul 20 00:37:25 +0000 2014,True,False
1085,381109859,SerraSergi,,False,False,411,437,1,3536,864,Tue Sep 27 19:18:21 +0000 2011,False,False
11900,26653188,_clopez,"Santiago, Chile",False,False,584,819,13,283,1231,Thu Mar 26 01:24:56 +0000 2009,False,False
8465,28818489,appsconsultants,"Colorado, USA",False,False,240,762,42,23,700,Sat Apr 04 16:08:14 +0000 2009,False,False
11209,2427403513,epolitic_org,"Biscay, Basque Country",False,False,827,167,48,55,1741,Fri Apr 04 14:46:43 +0000 2014,False,False
3481,2413105903,Be_lindaSD,,False,False,408,765,36,1891,1148,Wed Mar 26 20:12:45 +0000 2014,True,False
2264,3433698192,thedtechguy,"Tijuana, MX",False,False,477,2380,77,3174,1303,Thu Sep 03 05:51:01 +0000 2015,False,False
1793,148926838,MaltrecHo13,,False,False,139,598,2,3887,1383,Thu May 27 23:57:21 +0000 2010,False,False
4689,216300527,borntofreelance,,False,False,1787,4006,26,313,479,Tue Nov 16 09:44:24 +0000 2010,False,False
2028,731515675315994624,sddBCN,"Barcelona, Spain",False,False,1708,704,105,1416,1213,Sat May 14 16:05:02 +0000 2016,False,False
8387,559056404,LanceLafontaine,"Montreal, Canada",False,False,241,785,12,156,387,Sat Apr 21 00:31:18 +0000 2012,False,False
3184,133703693,jcasptech,worldwide,False,False,289,1144,71,239,755,Fri Apr 16 12:27:24 +0000 2010,False,False
9909,605138710,thewebsmith_ca,Calgary,False,False,136,381,35,464,918,Mon Jun 11 05:21:01 +0000 2012,False,False
1927,173808115,DianaArambilet,,False,False,588,562,59,296,1086,Mon Aug 02 12:09:22 +0000 2010,False,False
11815,798680084,rafuellos,"Madrid, Spain",False,False,156,402,8,1130,414,Sun Sep 02 17:15:22 +0000 2012,False,False
7654,3220588242,CompassUnimelb,"Melbourne, Victoria",False,False,1009,1277,122,895,998,Tue May 19 19:06:39 +0000 2015,False,False
8658,268241618,lwf07,"Ourense, Espa침a",False,False,59,150,1,57,463,Fri Mar 18 11:43:22 +0000 2011,False,False
3104,255462365,bondipondi,,False,False,113,349,2,1040,1161,Mon Feb 21 12:17:00 +0000 2011,False,False
3394,620752304,egroj_man,,False,False,169,796,2,1499,1188,Thu Jun 28 07:35:22 +0000 2012,True,False
9954,178743358,cro7alo,,False,False,2126,3246,2,2387,1536,Sun Aug 15 15:38:06 +0000 2010,True,False
9548,134780056,AlbBizCooper,"Albany, New York",False,False,1443,1712,45,36,1528,Mon Apr 19 12:27:01 +0000 2010,True,False
8707,469837740,AdamWongAZ,"Scottsdale, Arizona",False,False,901,1282,17,117,584,Sat Jan 21 01:45:47 +0000 2012,False,False
5017,4699531520,gsultangeorge,"Barcelona, Spain",False,False,67,264,1,172,797,Sun Jan 03 00:45:03 +0000 2016,False,False
2980,2971606445,Clicca_Guadagna,,False,False,1348,3324,6,10,463,Sat Jan 10 16:25:08 +0000 2015,True,False
6893,27998461,linkarte,Portugal,False,False,371,1023,12,3698,1043,Tue Mar 31 23:49:27 +0000 2009,True,False
6825,247258158,_Lara_GO,Madrid,False,False,384,588,12,264,809,Fri Feb 04 12:35:12 +0000 2011,False,False
10630,56008665,BonnyLarregui,Puerto Rico,False,False,41,201,0,60,708,Sun Jul 12 03:38:31 +0000 2009,False,False
5690,293055859,7uj8ik9ol,"New Jersey, USA",False,False,220,979,4,153,791,Wed May 04 17:44:42 +0000 2011,False,False
10824,2260115047,itziarblasco,,False,False,362,221,38,184,502,Tue Dec 24 10:39:19 +0000 2013,True,False
10404,18106050,toby39,"San Diego, CA",False,False,4748,4754,133,196,1748,Sat Dec 13 22:20:44 +0000 2008,False,False
2292,65568852,its_camargo,localhost / MX,False,False,411,3225,8,893,1334,Fri Aug 14 05:16:01 +0000 2009,False,False
1574,235345583,diogo_aduarte,Curitiba,False,False,45,415,1,130,641,Fri Jan 07 23:39:49 +0000 2011,False,False
741,960186200274472960,_CliffBooth_,"Hidalgo, M칠xico",False,False,109,724,0,1312,504,Sun Feb 04 16:20:04 +0000 2018,True,False
7011,90222458,abernal80,Madrid,False,False,36,279,0,306,458,Sun Nov 15 18:58:50 +0000 2009,True,False
10137,34508743,GrvKis,"Bengaluru, India",False,False,372,1237,8,220,553,Thu Apr 23 03:00:52 +0000 2009,False,False
6941,2835611981,interletrados,"Madrid, Espa침a",False,False,617,1418,69,171,1834,Fri Oct 17 23:41:57 +0000 2014,True,False
10876,592013986,amayaverde,,False,False,649,801,36,1847,699,Sun May 27 17:54:30 +0000 2012,True,False
8706,1656690565,AllisonJane91,Twin CIties,False,False,45,387,2,48,511,Fri Aug 09 02:08:44 +0000 2013,False,False
5044,59499753,gabyprado_w,Mediterranean countryside,False,False,1006,293,125,558,1624,Thu Jul 23 15:43:22 +0000 2009,False,False
10180,1955399041,wildlife_junkie,"Miami, FL",False,False,167,209,21,667,917,Sat Oct 12 00:29:35 +0000 2013,True,False
1118,357057033,traduccion12,"Spain, France, Asia ",False,False,200,488,26,13,1543,Wed Aug 17 19:42:25 +0000 2011,False,False
8694,2926117970,ShaunaLifeCoach,Los Angeles,False,False,1266,1881,26,214,533,Wed Dec 10 19:59:41 +0000 2014,True,False
4997,1573940130,Vorickles,Kenya,False,False,500,1526,9,414,1494,Sun Jul 07 00:40:35 +0000 2013,False,False
9774,2996415219,MachelpES,"Saragossa, Spain",False,False,94,236,12,29,550,Sat Jan 24 20:03:52 +0000 2015,True,False
7749,1549751167,henryarb92,"Miami, FL",False,False,217,299,42,1296,401,Thu Jun 27 04:14:05 +0000 2013,False,False
614,706576013115973632,Pris_Bocage,"Zaragoza, Espa침a",False,False,630,931,35,4245,1158,Sun Mar 06 20:23:43 +0000 2016,False,False
2406,133403127,edusalguero,"Galicia, Espa침a",False,False,406,1356,19,2739,923,Thu Apr 15 17:57:32 +0000 2010,True,False
898,43086766,ithinkout,"Oporto Area, Portugal",False,False,841,2828,29,1610,1118,Thu May 28 10:46:40 +0000 2009,False,False
6691,2342965770,MoonlighterMIA,"2041 NW 1 PL Miami, Fl. 33127",False,False,902,1129,64,2285,1344,Fri Feb 14 03:02:34 +0000 2014,False,False
2665,48263988,HMEmpanadas,"Miami, FL",False,False,834,949,18,1184,836,Thu Jun 18 05:59:56 +0000 2009,False,False
897,27637171,linouris,This universe,False,False,311,1623,13,807,638,Mon Mar 30 13:38:17 +0000 2009,True,False
9159,3098066807,iPlayTek,New York City,False,False,249,1158,16,438,556,Fri Mar 20 00:37:30 +0000 2015,False,False
6844,1255543608,AloniRock,"London, Ontario, Canada",False,False,188,428,21,1657,1079,Sat Mar 09 22:48:55 +0000 2013,False,False
2311,179901851,estelarm82,Madrid,False,False,81,310,1,618,386,Wed Aug 18 11:02:28 +0000 2010,False,False
11341,149308425,fernandomontoy,Colombia,False,False,528,841,6,15,587,Fri May 28 23:48:41 +0000 2010,False,False
1325,303261033,javdelgar,"Getafe, Spain",False,False,154,851,2,1479,1821,Sun May 22 15:24:20 +0000 2011,False,False
6052,722071404796055552,Sergio_Hierro,"Guadarrama, Espa침a",False,False,167,286,8,449,788,Mon Apr 18 14:36:53 +0000 2016,False,False
5299,1547934332,codingdudecom,,False,False,226,532,10,80,715,Wed Jun 26 11:07:58 +0000 2013,True,False
2076,598539805,_ZaidaIglesias,"Pozuelo de Alarc칩n, Espa침a",False,False,424,785,33,2330,1498,Sun Jun 03 18:12:09 +0000 2012,False,False
7535,14385158,1000rayosdeluz,,False,False,236,501,10,13185,1446,Mon Apr 14 13:47:16 +0000 2008,True,False
12058,198630511,yarmotas,Madrid,False,False,215,588,2,26,591,Mon Oct 04 20:48:38 +0000 2010,True,False
4939,4802535834,mahadevkv,"Pune, India",False,False,175,429,5,982,791,Sat Jan 23 11:24:34 +0000 2016,False,False
9902,57268935,jnavarro_rico,Madrid,False,False,653,432,28,6177,394,Thu Jul 16 07:07:00 +0000 2009,False,False
10545,62347498,minipamy,madrid ,False,False,98,447,2,419,454,Sun Aug 02 20:52:01 +0000 2009,True,False
11245,320018892,vvilelaj,"Lima, Per칰",False,False,256,782,30,572,1421,Sun Jun 19 04:44:10 +0000 2011,True,False
10230,1251416047,javier_fisher,Terrassa,False,False,242,1300,10,662,457,Fri Mar 08 10:54:15 +0000 2013,False,False
3862,724530673147486209,TheDragonRing,Australia,False,False,141,178,8,1782,1693,Mon Apr 25 09:29:08 +0000 2016,False,False
8589,2236358622,SocioInversores,,False,False,659,934,22,57,1608,Sun Dec 08 17:38:43 +0000 2013,True,False
8337,314518494,st3reo1som3r,Bristol,False,False,54,227,3,171,1729,Fri Jun 10 11:42:30 +0000 2011,True,False
9255,395228433,ITJOBSCOTLAND,Glasgow,False,False,271,216,7,11,413,Fri Oct 21 10:27:51 +0000 2011,False,False
8693,2398442065,BrowserStage,,False,False,12,11,7,0,794,Wed Mar 19 20:47:17 +0000 2014,True,False
3344,486903590,appetitemobile,London / Madrid / Dubai,False,False,853,2421,93,354,1291,Wed Feb 08 20:01:02 +0000 2012,False,False
3413,223662783,Ainelda,Madrid,False,False,620,1741,21,1010,1466,Tue Dec 07 00:30:51 +0000 2010,False,False
6144,3093240579,gregtheclimber,"Brussels, Belgium",False,False,551,1346,140,692,949,Tue Mar 17 20:13:58 +0000 2015,False,False
3494,1442066125,Stella_Belmonte,Barcelona,False,False,138,246,12,792,812,Sun May 19 19:40:48 +0000 2013,False,False
3337,710523029105864704,lewagonlyon,"Lyon, France",False,False,1348,1768,154,1128,1289,Thu Mar 17 17:47:45 +0000 2016,False,False
11081,39216896,xevig,Catalunya ||*||,False,False,172,674,2,1874,1278,Mon May 11 08:29:12 +0000 2009,False,False
4621,753621019143892992,Green_Coworking,"Cape Town, South Africa",False,False,687,1135,124,301,1663,Thu Jul 14 16:03:47 +0000 2016,False,False
9338,2831348697,hugoneES,Madrid,False,False,54,201,1,398,595,Wed Oct 15 10:17:36 +0000 2014,True,False
7748,1927788625,Purdue_RCODI,,False,False,221,432,30,240,915,Wed Oct 02 18:29:20 +0000 2013,True,False
6919,14049316,scottparker013,"Minooka, IL",False,False,457,978,17,1742,1714,Wed Feb 27 15:11:21 +0000 2008,False,False
8975,2893830129,murdocjta_2,En algun lugar del olvido,False,False,740,4032,0,983,1044,Wed Nov 26 20:56:37 +0000 2014,False,False
7159,23993640,GrandCentralVC,New York . Miami,False,False,750,1250,46,235,704,Thu Mar 12 18:00:18 +0000 2009,False,False
9833,235920856,whacky4,"Peshawar, Pakistan",False,False,295,495,30,608,601,Sun Jan 09 11:28:03 +0000 2011,False,False
9987,2841985296,RickyAudet,"San Francisco, CA",False,False,965,4980,26,5299,423,Mon Oct 06 05:43:02 +0000 2014,True,False
7918,2366903166,broucz,"Barcelona, Spain",False,False,130,823,15,1208,383,Sat Mar 01 10:56:19 +0000 2014,False,False
306,884510332458237953,jocelyn_siopy,,False,False,68,558,0,3776,402,Mon Jul 10 20:31:11 +0000 2017,False,False
8561,2203380986,arkchiweb,Occidente,False,False,685,893,77,171,1478,Tue Nov 19 16:30:14 +0000 2013,False,False
9997,389151109,Fermin_Jimenez_,"Logro침o, La Rioja",False,False,267,221,6,268,1178,Tue Oct 11 23:14:09 +0000 2011,False,False
6924,3120343085,sugar_social,"Miami, FL",False,False,437,1439,98,8488,1009,Fri Mar 27 01:49:19 +0000 2015,False,False
5188,55710675,camilonos66,"Bogot치, D.C., Colombia",False,False,325,2070,9,115,747,Sat Jul 11 00:34:05 +0000 2009,False,False
5048,72290563,DavidRemaud,France,False,False,556,949,90,1252,1752,Mon Sep 07 14:20:22 +0000 2009,True,False
9852,862686312,RenShres1,"Irving, TX",False,False,540,1361,15,90,1147,Fri Oct 05 07:58:29 +0000 2012,False,False
7298,2775542119,LuminaryCentral,Miami,False,False,212,226,46,314,603,Thu Aug 28 02:16:23 +0000 2014,False,False
11829,52153839,carlosabalde,A Coru침a,False,False,232,357,19,313,1305,Mon Jun 29 19:10:04 +0000 2009,True,False
1540,90483640,TorAaron,,False,False,42,138,3,119,473,Mon Nov 16 21:03:41 +0000 2009,True,False
9262,2206108249,LendIQ,San Francisco ,False,False,3048,7086,56,1630,392,Thu Nov 21 02:16:51 +0000 2013,True,False
10036,274080462,robertbruscino,"Scituate, MA",False,False,229,989,6,214,580,Tue Mar 29 17:56:17 +0000 2011,True,False
10363,2535102894,OceanPower3,The Ocean,False,False,7101,18247,50,8054,499,Fri May 30 13:44:30 +0000 2014,False,False
10079,2837645419,prasy2000,Moon,False,False,1314,1058,6,97,504,Thu Oct 02 05:54:42 +0000 2014,True,False
6080,269684186,esnogales,"Madrid, Spain",False,False,806,1070,28,2630,1519,Mon Mar 21 08:09:11 +0000 2011,False,False
9265,133253042,Ganger85,Spain,False,False,475,750,25,551,1757,Thu Apr 15 11:43:38 +0000 2010,False,False
7545,2787015293,CaminsMakers,"Barcelona, Espa침a",False,False,441,660,45,439,504,Sat Sep 27 11:31:57 +0000 2014,True,False
4713,3392301046,mhima_mi,,False,False,448,339,4,1201,983,Tue Jul 28 15:56:53 +0000 2015,True,False
1297,2596974406,polcordv,,False,False,395,572,3,323,533,Tue Jun 10 05:21:16 +0000 2014,True,False
11681,99475882,doktor500,"London, England",False,False,447,239,11,1858,527,Sat Dec 26 10:44:50 +0000 2009,False,False
7997,246882586,IraklisAlex,Dubai,False,False,533,1783,40,386,1616,Thu Feb 03 17:19:05 +0000 2011,False,False
913,599089496,QMauriz,칈taca,False,False,47,385,0,276,414,Mon Jun 04 09:22:38 +0000 2012,False,False
6913,3024793302,Andrew_WXY,扶뙍쟖,False,False,719,4314,168,6612,1818,Wed Feb 18 05:54:39 +0000 2015,True,False
5882,529202965,mimacam,"Barcelona, Espa침a",False,False,294,452,55,863,989,Mon Mar 19 08:02:42 +0000 2012,False,False
6179,228512912,AdriVegasS,"Aluche, Madrid",False,False,206,561,3,1196,1108,Sun Dec 19 23:17:18 +0000 2010,False,False
64,2510753324,sandoefra,Sufragette City,False,False,97,621,1,12690,1175,Tue May 20 15:54:32 +0000 2014,False,False
159,61594344,Andrew_Bavuels,"Bogot치, D.C., Colombia",False,False,152,502,0,1046,1210,Thu Jul 30 20:46:20 +0000 2009,True,False
2983,577561266,apedreroes,,False,False,256,466,24,715,565,Fri May 11 21:34:29 +0000 2012,True,False
464,1133806003949117441,Klaus5566,,False,False,36,67,0,14502,1518,Wed May 29 18:43:11 +0000 2019,True,False
8938,3309108011,gonzamvita,"Madrid, Comunidad de Madrid",False,False,101,294,7,766,591,Fri Jun 05 10:03:51 +0000 2015,False,False
1542,437272786,Erick_MartinezC,,False,False,518,2857,33,949,1364,Thu Dec 15 06:20:05 +0000 2011,False,False
12150,153481111,norter,Madrid,False,False,205,536,16,10,471,Tue Jun 08 17:37:19 +0000 2010,False,False
7996,91076107,vhumanes,Sevilla,False,False,624,324,69,8125,1079,Thu Nov 19 10:21:15 +0000 2009,False,False
10471,14482440,orinj,London,False,False,1026,585,103,717,1104,Tue Apr 22 23:59:38 +0000 2008,False,False
8558,220288566,_liongarden,"Shibuya,Tokyo,Japan",False,False,563,569,26,36,969,Sat Nov 27 09:56:13 +0000 2010,False,False
11304,103660326,adriavendano,"Toluca,M칠xico",False,False,346,1010,5,1020,510,Sun Jan 10 20:37:10 +0000 2010,False,False
10057,1182126912,monoculodesign,Spain,False,False,627,1065,33,297,1699,Fri Feb 15 11:22:06 +0000 2013,False,False
5153,435588913,premnath_be,pondicherry,False,False,837,4920,7,159,1471,Tue Dec 13 06:54:00 +0000 2011,False,False
11768,186806810,amgarciao,Parla,False,False,329,465,8,227,1674,Sat Sep 04 13:15:40 +0000 2010,False,False
5947,432047727,_Lean_XD,,False,False,184,286,0,445,1522,Fri Dec 09 00:04:36 +0000 2011,True,False
227,2196493646,seedgrows,Chile,False,False,141,1668,0,3341,1542,Fri Nov 15 19:21:33 +0000 2013,False,False
7632,348440031,balagan1973,,False,False,132,378,13,1800,588,Thu Aug 04 12:47:48 +0000 2011,True,False
10284,177969369,JimmySiquiej,,False,False,105,326,0,63,432,Fri Aug 13 14:45:46 +0000 2010,False,False
3035,883007655207370754,AnwarsTheHeath,"Chelmsford Road,Hatfield Heath",False,False,136,718,2,590,685,Thu Jul 06 17:00:05 +0000 2017,True,False
10910,346161765,irvinrangelc,"Dallas, TX",False,False,671,2150,10,293,658,Sun Jul 31 20:42:44 +0000 2011,False,False
1163,1436781841,Paloma_Ania,"Madrid, Spain",False,False,197,768,8,2196,1212,Fri May 17 21:59:27 +0000 2013,False,False
7938,575546542,reergymerej,"Las Vegas, NV",False,False,122,517,30,1788,1555,Wed May 09 17:43:14 +0000 2012,False,False
9561,48670398,santihbc,"Barcelona, Spain",False,False,459,2699,26,1928,975,Fri Jun 19 10:33:00 +0000 2009,False,False
3619,54883506,luciriestra,,False,False,334,937,13,1969,762,Wed Jul 08 12:42:43 +0000 2009,False,False
2822,4436292333,serendipias_es,Santa Cruz de Tenerife,False,False,232,607,58,614,1238,Thu Dec 10 10:03:26 +0000 2015,False,False
3278,582735294,bllosantos,Barcelona,False,False,309,565,25,436,482,Thu May 17 10:40:24 +0000 2012,False,False
6195,289713902,MarracheCo,"Ft. Lauderdale, FL",False,False,168,310,0,2620,1358,Fri Apr 29 03:01:29 +0000 2011,False,False
8547,549030680,rishabhSBH,New York,False,False,255,643,10,323,552,Mon Apr 09 07:45:41 +0000 2012,True,False
1901,1635638413,netipboxtech,"Barcelona, Espa침a",False,False,365,1254,25,211,650,Wed Jul 31 14:26:57 +0000 2013,False,False
11855,327723619,caumons,Vilanova i la Geltr칰 (BCN),False,False,406,912,39,59,1556,Sat Jul 02 01:38:58 +0000 2011,False,False
12159,18389791,antonyete,Castell칩n de la Plana,False,False,205,603,17,64,1022,Fri Dec 26 14:54:28 +0000 2008,False,False
4399,800118666725498881,dtapak_shop,Malaysia,False,False,333,1737,0,28,722,Sat Nov 19 23:28:50 +0000 2016,True,False
601,54544951,xp_aymeric,Planet Earth,False,False,395,3635,3,1792,554,Tue Jul 07 13:28:04 +0000 2009,False,False
9464,165850730,ghun_tur,Java,False,False,128,168,0,127,1250,Mon Jul 12 18:12:39 +0000 2010,False,False
5582,759258015744815104,outboundify,"Dallas, TX",False,False,332,520,70,160,1345,Sat Jul 30 05:23:12 +0000 2016,False,False
9496,1376654629,Xabikip,,False,False,153,832,5,373,397,Wed Apr 24 09:53:14 +0000 2013,False,False
3580,720148984849907712,Social_Clipping,"Madrid, Comunidad de Madrid",False,False,422,3441,28,1394,1024,Wed Apr 13 07:17:52 +0000 2016,False,False
8820,271052995,AlonsoSandonis,,False,False,399,1145,14,247,1155,Wed Mar 23 19:26:35 +0000 2011,True,False
6716,4872481732,SitkaBan,Barcelona | Madrid,False,False,764,1490,56,269,619,Tue Feb 02 19:26:59 +0000 2016,True,False
11038,282132162,sokardys,Madrid,False,False,578,488,41,1634,1390,Thu Apr 14 16:17:42 +0000 2011,False,False
850,361628473,Andypabonmendez,"Villavicencio, Colombia",False,False,246,742,1,2850,1013,Thu Aug 25 02:32:36 +0000 2011,True,False
8354,707893796,DSJinNZ,"Wellington City, New Zealand",False,False,1019,2062,60,626,1692,Fri Jul 20 22:16:25 +0000 2012,False,False
10476,226492063,marc_benito,Catalunya,False,False,291,526,33,373,1813,Tue Dec 14 08:41:05 +0000 2010,False,False
2108,323874077,Xeerpa,Madrid,False,False,803,646,42,383,1115,Sat Jun 25 15:46:12 +0000 2011,False,False
2800,482411640,Ieltxu4,,False,False,228,308,0,47,1098,Fri Feb 03 21:47:01 +0000 2012,True,False
1661,1491375205,VaneInestroza,Madrid,False,False,123,397,6,1028,1176,Fri Jun 07 21:40:05 +0000 2013,False,False
8345,36106918,BillGarnertx,USA,False,False,1293,1780,13,55,1599,Tue Apr 28 16:19:14 +0000 2009,False,False
1689,126682330,Paolini59,Maracaibo/Vzla.    ,False,False,208,523,1,1280,1156,Fri Mar 26 17:11:47 +0000 2010,True,False
6419,433258573,PedroEsquivias,,False,False,158,234,2,493,538,Sat Dec 10 10:21:47 +0000 2011,False,False
5875,305954830,AtomDocs,Thailand,False,False,461,413,23,195,395,Fri May 27 01:41:16 +0000 2011,False,False
1168,3246097360,mr_mroman,La Rioja - Barcelona,False,False,132,509,19,763,605,Mon May 11 09:00:44 +0000 2015,False,False
4904,141678273,cazabonr,"North Bay, Ontario",False,False,241,336,14,4937,1350,Sat May 08 18:30:26 +0000 2010,False,False
11215,18592360,alejandrod,Barbados,False,False,400,1550,6,1101,604,Sun Jan 04 01:44:51 +0000 2009,False,False
6427,3433596833,Gideon_Appoh,"Kumasi, Ghana",False,False,247,321,8,1798,1450,Fri Aug 21 00:52:25 +0000 2015,True,False
12121,61429806,jonasync,"Madrid, Comunidad de Madrid",False,False,334,321,34,639,1747,Thu Jul 30 08:11:23 +0000 2009,False,False
675,210471118,UschiSchokokeks,"Berlin, Deutschland",False,False,47,195,0,22569,970,Sun Oct 31 14:26:13 +0000 2010,False,False
9906,2699655181,makeitrealcamp,Colombia,False,False,959,344,38,652,1734,Sat Aug 02 01:57:19 +0000 2014,False,False
11949,43937844,w0rldart,"London, England",False,False,167,421,13,86,1234,Mon Jun 01 18:22:58 +0000 2009,False,False
7199,252880913,enriquecalonso,"Quintanar de la Sierra, Espa침a",False,False,551,1114,5,459,496,Wed Feb 16 03:09:01 +0000 2011,False,False
3446,843158355585785856,OtisKopp617,Miami via Boston,False,False,223,1325,9,326,383,Sat Mar 18 17:53:11 +0000 2017,True,False
12142,37500431,elreplicante,Valencia,False,False,677,1049,26,1421,667,Sun May 03 20:58:32 +0000 2009,False,False
5778,752194459794890752,NoOpsNews,United Kingdom,False,False,207,957,25,312,865,Sun Jul 10 17:35:09 +0000 2016,True,False
9891,1486346461,AntonioTejadaIT,"Madrid, Comunidad de Madrid",False,False,274,603,17,311,392,Wed Jun 05 23:48:29 +0000 2013,False,False
9487,777427374,vcapriano1,teleworking - Eastern US!,False,False,217,769,9,85,1789,Fri Aug 24 04:55:24 +0000 2012,True,False
858,239890881,MihlosCode,Isle of Dawn,False,False,113,116,2,176,666,Tue Jan 18 17:30:50 +0000 2011,False,False
9303,266681864,_iolan_,Castellv칤 de la Marca,False,False,86,151,2,265,856,Tue Mar 15 16:41:23 +0000 2011,False,False
6841,4286868194,hackprende,,False,False,234,208,22,502,464,Thu Nov 19 06:13:14 +0000 2015,True,False
12098,171720643,biitheck,,False,False,108,184,4,61,443,Wed Jul 28 00:54:40 +0000 2010,False,False
8141,108498193,jorda0mega,"Miami, Florida",False,False,240,4747,10,3356,1369,Tue Jan 26 03:46:03 +0000 2010,False,False
1740,296210925,JosuEnecotegui,"Basque Country, Spain",False,False,356,348,11,1097,967,Tue May 10 11:32:54 +0000 2011,True,False
9175,117831869,JimNiemela,Utah,False,False,837,1682,37,312,649,Fri Feb 26 19:23:55 +0000 2010,True,False
10001,592761723,AngelMorinig,,False,False,482,660,4,75,548,Mon May 28 12:24:29 +0000 2012,False,False
6793,247133372,PerikaLu,lima,False,False,259,903,2,51,1048,Fri Feb 04 04:30:49 +0000 2011,False,False
8844,110565535,escreativa,Spain,False,False,280,538,12,167,408,Tue Feb 02 00:33:28 +0000 2010,False,False
7895,37159382,carlymattefs,"Dublin City, Ireland",False,False,502,1380,70,383,436,Sat May 02 06:58:47 +0000 2009,False,False
7226,401688010,sete51,,False,False,61,485,0,3071,1055,Sun Oct 30 22:55:21 +0000 2011,True,False
5160,16472630,mike_bochenek,,False,False,1435,3565,29,63,711,Fri Sep 26 19:21:35 +0000 2008,False,False
3954,127729532,mbarq,"Santa Monica, CA",False,False,747,2714,24,1149,675,Tue Mar 30 02:30:28 +0000 2010,False,False
8282,337696245,dtulupov,Russia,False,False,216,982,13,880,765,Mon Jul 18 12:54:22 +0000 2011,False,False
1718,2699826996,dataxios_,Mexico,False,False,449,1248,217,1390,1615,Sat Aug 02 03:55:28 +0000 2014,False,False
11440,267836983,calvarez039,,False,False,86,234,3,276,672,Thu Mar 17 16:47:41 +0000 2011,False,False
275,1092853065659621376,edicomgroup_HR,"Valencia, Spain",False,False,279,614,2,11686,487,Tue Feb 05 18:30:49 +0000 2019,False,False
1510,1580582784,SanzBlesa,"Madrid, Comunidad de Madrid",False,False,148,240,3,1169,870,Tue Jul 09 15:11:04 +0000 2013,True,False
1782,464861892,negrizul,en el universo,False,False,45,252,0,147,612,Sun Jan 15 18:16:38 +0000 2012,False,False
7637,577510256,AburtoAtzin,,False,False,205,610,5,128,833,Fri May 11 22:26:46 +0000 2012,True,False
7227,1337444246,Abanacle,"Miramar, FL",False,False,189,1886,82,22,654,Mon Apr 08 19:39:01 +0000 2013,False,False
10023,263050677,franfal1981,Valencia,False,False,323,1497,30,97,1259,Wed Mar 09 08:13:29 +0000 2011,True,False
2293,959628578047500288,ONGYEWkhoon4,,False,False,293,4261,1,129,1585,Sat Feb 03 03:24:16 +0000 2018,True,False
8533,756230850,is_van1,Indonesia,False,False,572,412,2,51,1019,Tue Aug 14 01:48:50 +0000 2012,False,False
4146,321535957,xbobby76x,"Miami, FL",False,False,83,228,0,67,444,Tue Jun 21 18:42:40 +0000 2011,False,False
2799,24683509,javitaxes,Madrid,False,False,262,802,18,1077,770,Mon Mar 16 12:32:04 +0000 2009,False,False
5134,1907294893,FlexiDB,,False,False,228,590,213,202,1256,Thu Sep 26 09:15:35 +0000 2013,False,False
4838,3759990622,newcobcn,"Barcelona, Catalu침a",False,False,511,257,43,719,554,Thu Sep 24 12:07:43 +0000 2015,True,False
3711,69595656,valentinberlin,"Madrid, Spain",False,False,82,544,4,1295,655,Fri Aug 28 14:06:11 +0000 2009,False,False
3462,1130772019,Ines_Riudavets,"Islas Baleares, Espa침a",False,False,182,250,4,1091,938,Tue Jan 29 11:20:22 +0000 2013,False,False
6287,145322774,Depthperpixel,"Barcelona, Spain",False,False,210,407,13,2169,1537,Tue May 18 17:44:16 +0000 2010,True,False
8646,89141655,erikvanderarend,"Enschede, The Netherlands",False,False,926,2119,84,339,724,Wed Nov 11 08:50:24 +0000 2009,True,False
4871,213273721,Himanshu810e,"Zurich, Switzerland",False,False,1162,2095,173,1561,1277,Mon Nov 08 13:30:30 +0000 2010,True,False
528,1360274683,vocappartners,"Atlanta, GA",False,False,413,1498,14,77,397,Wed Apr 17 20:06:22 +0000 2013,False,False
11986,131221067,David_Cuervo,,False,False,108,185,1,563,1477,Fri Apr 09 16:49:10 +0000 2010,False,False
6697,1201689673,coetc1,Barcelona,False,False,370,493,12,570,791,Wed Feb 20 17:32:11 +0000 2013,False,False
8748,85900239,Diobertjoel,"Caracas, M칠rida, Venezuela",False,False,347,829,0,1034,563,Wed Oct 28 20:06:26 +0000 2009,False,False
7696,287656707,GuiriBusiness,Spain,False,False,727,527,28,535,917,Mon Apr 25 12:36:14 +0000 2011,True,False
3402,436582467,anademiguela,"Barcelona, Spain",False,False,275,1577,17,699,421,Wed Dec 14 09:53:44 +0000 2011,False,False
10082,1277192984,paymentdepot,"Orange, Ca",False,False,107,154,23,95,940,Mon Mar 18 08:42:08 +0000 2013,False,False
1363,2202010122,Thegendre,"Paris, France",False,False,419,1506,10,727,797,Mon Nov 18 21:31:19 +0000 2013,True,False
12019,255942484,fjnavalca,"Barcelona, Spain",False,False,594,1348,18,6691,497,Tue Feb 22 10:13:52 +0000 2011,True,False
7334,4034320091,j_winston111,"Birmingham, England",False,False,431,933,85,622,1448,Sat Oct 24 21:28:22 +0000 2015,True,False
9216,18773061,tutanrhamon,,False,False,116,403,3,60,1704,Thu Jan 08 18:27:19 +0000 2009,False,False
12185,22147659,bredesen,New York City,False,False,380,456,41,309,919,Fri Feb 27 15:01:33 +0000 2009,False,False
11889,537737910,carrasco_77,,False,False,265,325,1,147,1240,Mon Mar 26 23:21:27 +0000 2012,False,False
10972,44654947,mikem3d,Miami,False,False,124,500,26,47,1041,Thu Jun 04 16:32:37 +0000 2009,True,False
9725,2999920054,hconco,"Opelika, Alabama",False,False,1202,938,62,0,576,Mon Jan 26 16:19:07 +0000 2015,True,False
5576,84635739,soniachendler,Miami,False,False,518,522,8,191,420,Fri Oct 23 16:50:50 +0000 2009,True,False
1131,793246376972918784,dhashi92,Japan,False,False,23,247,0,831,496,Tue Nov 01 00:20:48 +0000 2016,True,False
8008,3102393924,Rainesy88,"Melbourne, Australia",False,False,89,376,21,840,547,Sun Mar 22 02:57:55 +0000 2015,False,False
9631,2225995695,mahamatnoumai,"Kuala Lumpur City, Kuala Lumpur Federal Territory",False,False,1322,1506,6,4338,1727,Sat Dec 14 21:58:10 +0000 2013,False,False
2055,802803769,MartaCuriosity,"London, England",False,False,391,2009,8,4070,683,Tue Sep 04 16:57:44 +0000 2012,False,False
1565,1025368052634996737,3rChuss,Spain,False,False,108,168,1,1740,475,Fri Aug 03 13:09:28 +0000 2018,False,False
3069,809218742,jwijerPan,,False,False,476,4996,14,33527,974,Fri Sep 07 16:48:49 +0000 2012,True,False
4960,3300883056,weareMagmaLabs,"Colima, M칠xico",False,False,1114,566,132,545,1079,Wed Jul 29 23:01:02 +0000 2015,False,False
9741,2742299641,empowertocode,Spain,False,False,1514,2974,43,736,1350,Mon Aug 18 15:23:40 +0000 2014,False,False
7131,592341378,dipaso50,Barcelona,False,False,71,419,7,3456,1271,Mon May 28 00:25:05 +0000 2012,True,False
6331,267723072,kimbielby,Scotland,False,False,15,93,1,2,940,Thu Mar 17 12:33:17 +0000 2011,False,False
9050,300590276,TheProBennie,"Oakland, CA",False,False,192,403,22,37,1008,Wed May 18 01:08:43 +0000 2011,False,False
2432,484756923,aliciacbu,Barcelona,False,False,260,1074,8,498,519,Mon Feb 06 13:13:09 +0000 2012,False,False
7808,65639323,owenkwaku,"Accra, Ghana",False,False,286,282,4,938,629,Fri Aug 14 13:52:54 +0000 2009,True,False
5981,715881850330284032,dodu_Ha,"Poznan, Poland",False,False,373,1218,43,3366,971,Fri Apr 01 12:41:48 +0000 2016,False,False
12201,54185001,CarlosStarter,"Boston, MA",False,False,336,440,15,180,1038,Mon Jul 06 11:55:41 +0000 2009,False,False
6731,3097101615,CreaticsFun,Castilla y Le칩n,False,False,266,238,6,132,406,Thu Mar 19 16:36:18 +0000 2015,False,False
7187,2844252217,Shirley_TD,,False,False,862,934,8,5318,1149,Tue Oct 07 18:45:01 +0000 2014,True,False
8961,553836961,FannySkyriis,Guadeloupe,False,False,298,418,8,322,1407,Sat Apr 14 21:05:46 +0000 2012,False,False
515,171629733,DanielFDuque,"Panama City, Panama",False,False,120,777,1,611,402,Tue Jul 27 20:09:26 +0000 2010,False,False
3426,847365601479712768,IronhackPAR,"Paris, France",False,False,625,894,20,556,460,Thu Mar 30 08:31:17 +0000 2017,True,False
4313,801812993797455872,bhavesh_velari,India,False,False,93,560,0,5728,599,Thu Nov 24 15:41:29 +0000 2016,False,False
8,623370781,estebanquirogas,M칠xico,False,False,615,269,0,5926,822,Sun Jul 01 03:23:53 +0000 2012,False,False
2593,406204927,jmozaryn,Warsaw,False,False,536,2183,4,94,510,Sun Nov 06 11:46:14 +0000 2011,False,False
492,101076584,inesriverglez,"Lisbon, Portugal",False,False,137,389,13,246,542,Fri Jan 01 22:49:10 +0000 2010,False,False
894,814886425741185024,l_dizenzo,,False,False,27,390,0,550,631,Fri Dec 30 17:30:38 +0000 2016,True,True
5731,1555615992,fozan1072,,False,False,531,5001,4,23768,1825,Sat Jun 29 13:09:23 +0000 2013,True,True
9587,789338306,JL_Cantalejo,,False,False,174,248,1,37,1409,Wed Aug 29 13:25:05 +0000 2012,False,False
5850,2824600639,PiotrMut,Poland,False,False,250,1701,65,993,539,Sun Sep 21 16:17:43 +0000 2014,True,False
5172,3244004372,annemariemaw,"Brisbane, Qld. Australia",False,False,889,1845,46,1620,1164,Sat Jun 13 07:43:08 +0000 2015,True,False
4188,3092766809,dbeauchesne2,Sherbrooke,False,False,1047,3291,49,658,662,Tue Mar 17 14:02:54 +0000 2015,True,False
10855,1536311898,jlopezxs,"驕 Barcelona, Espa침a",False,False,227,773,43,3116,1226,Fri Jun 21 11:39:43 +0000 2013,False,False
9382,498994094,rbinsztock,Paris,False,False,415,2576,33,1280,1424,Tue Feb 21 17:11:14 +0000 2012,False,False
4844,1639291537,mrsnstweeters,,False,False,270,318,13,740,647,Fri Aug 02 01:17:16 +0000 2013,False,False
11758,2199977239,HackersWeek,M치laga,False,False,1906,1065,57,1391,1683,Sun Nov 17 18:23:18 +0000 2013,False,False
1708,2926848095,arthur_houde,"Paris, Ile-de-France",False,False,678,1602,21,5298,952,Wed Dec 17 11:51:52 +0000 2014,False,False
1457,2320706439,francojean_,,False,False,206,295,0,3824,1222,Sun Feb 02 21:22:04 +0000 2014,True,False
6278,10934212,andreamangia,"Monticello Brianza, Lecco",False,False,565,704,24,170,1110,Fri Dec 07 12:57:59 +0000 2007,False,False
6484,710826171,RomainChamb,Talence,False,False,176,569,68,1027,1214,Sat Oct 12 12:27:43 +0000 2013,False,False
8427,3213323883,DimaticaSD,"Madrid, Comunidad de Madrid",False,False,396,494,63,49,687,Mon Apr 27 14:16:39 +0000 2015,False,False
3981,2584748504,alejandro_jdz,"Miami Beach, FL",False,False,171,245,36,108,1187,Mon Jun 23 23:34:41 +0000 2014,False,False
11411,269724334,AinaPascualC,Somewhere,False,False,690,1941,54,346,1124,Mon Mar 21 10:12:25 +0000 2011,False,False
11925,908004260,MarcosRamajo,Bilbao,False,False,600,1268,40,83,747,Sat Oct 27 12:20:25 +0000 2012,False,False
10895,1854892304,RockYourMeal,,False,False,372,940,15,208,589,Wed Sep 11 17:00:54 +0000 2013,False,False
4872,138362560,xfoisy,Paris,False,False,324,1040,23,12,1598,Thu Apr 29 10:07:41 +0000 2010,False,False
11088,1618280924,jeniusLogic,Global,False,False,348,1299,15,147,1603,Wed Jul 24 17:45:23 +0000 2013,False,False
4034,81431177,ngc3627,"Kyiv, Ukraine",False,False,69,481,93,60,643,Sat Oct 10 20:07:35 +0000 2009,True,False
7894,227661901,NSErnesto,,False,False,522,456,32,631,1577,Fri Dec 17 13:05:35 +0000 2010,False,False
9489,43640837,andredelrio,"Vancouver, BC, Canada",False,False,682,1647,49,1664,1362,Sun May 31 04:26:19 +0000 2009,False,False
489,46933488,niara81,"Madrid, Spain",False,False,86,280,0,1575,519,Sat Jun 13 18:12:06 +0000 2009,False,False
25,185898028,EngAbdulaziz95,Jeddah,False,False,124,346,2,517,1453,Thu Sep 02 02:42:46 +0000 2010,False,False
11896,13043722,tonicebrian,"Barcelona, Espa침a",False,False,533,1057,42,283,1770,Mon Feb 04 11:39:22 +0000 2008,True,False
9497,315551781,adrian129951,,False,False,144,494,2,20,446,Sun Jun 12 02:17:22 +0000 2011,False,False
2149,262144820,albera_ma,,False,False,552,2100,10,621,607,Mon Mar 07 13:06:21 +0000 2011,False,False
7111,2547116625,mrs_sbaker,"Pittsburgh, PA",False,False,299,839,8,1554,778,Wed May 14 10:35:40 +0000 2014,True,False
7005,321721094,DerekLaBrosse,"St Petersburg, FL",False,False,275,796,1,3210,708,Wed Jun 22 01:16:55 +0000 2011,False,False
9811,993384314,friendlyfulcrum,"Austin, Tx",False,False,285,900,14,7428,1650,Thu Dec 06 16:23:54 +0000 2012,False,False
945,45110613,edervaljunior,"Natal, RN, Brasil",False,False,389,719,4,514,1787,Sat Jun 06 11:10:15 +0000 2009,False,False
6639,529664678,aboutelsa,Madrid,False,False,274,432,25,673,563,Mon Mar 19 19:40:47 +0000 2012,True,False
5449,2446273412,CedrusDigital,"New York, NY",False,False,991,2552,116,185,847,Wed Apr 16 00:34:08 +0000 2014,False,False
11350,152094860,banegas_fer,,False,False,77,178,0,133,510,Sat Jun 05 02:13:59 +0000 2010,False,False
6323,57160973,davinchi_,,False,False,48,351,1,6563,680,Wed Jul 15 22:40:49 +0000 2009,True,False
10353,304541099,ABI2burgos,Burgos,False,False,650,421,43,525,1667,Tue May 24 17:53:29 +0000 2011,True,False
3309,471314925,federicodal,"Barcelona, Espa침a",False,False,542,1023,36,1255,916,Sun Jan 22 18:40:59 +0000 2012,False,False
11543,443217434,luisbonilla_91,,False,False,74,117,2,89,681,Wed Dec 21 23:20:26 +0000 2011,True,False
9744,622281613,meetheath,South Florida,False,False,633,1950,10,106,482,Fri Jun 29 22:09:17 +0000 2012,False,False
349,4125209895,froilainhaeckse,Berlin,False,False,236,527,14,1222,617,Fri Nov 06 07:33:41 +0000 2015,False,False
1330,741348200536113152,egriffing,"Austin, TX",False,False,279,657,22,1122,1741,Fri Jun 10 19:15:59 +0000 2016,False,False
5084,771923601532579840,ZG_Stardust,"Fort Myers, FL",False,False,352,1127,12,1891,629,Sat Sep 03 04:11:43 +0000 2016,False,False
956,29939877,lskube,"Portland, OR",False,False,1245,2818,81,927,1203,Thu Apr 09 07:03:26 +0000 2009,False,False
11201,20675467,jurjin,"Treviso, Veneto",False,False,165,1715,0,2089,492,Thu Feb 12 13:09:55 +0000 2009,False,False
1456,234845167,ro_drigoleandro,游뷣릖쥟릖游游뷣릖游뻟릖엃릖뻟릖뷣릖游왫릖游뷣릖뻟릖,False,False,30,1025,0,119,384,Thu Jan 06 18:25:07 +0000 2011,False,False
11328,41924229,GDesignHouseMia,Coral Gables,False,False,112,285,19,24,665,Fri May 22 23:15:03 +0000 2009,False,False
8488,1286426462,TheChirpMedia,"Calgary, AB",False,False,130,355,18,8,826,Thu Mar 21 16:44:03 +0000 2013,False,False
11812,424219177,BarcelonaIO,"Barcelona, Spain",False,False,1400,303,99,5,732,Tue Nov 29 14:19:03 +0000 2011,False,False
9857,2385747122,zwrightTM,"California, US",False,False,161,999,14,1513,677,Wed Mar 12 20:01:57 +0000 2014,False,False
10884,9689982,arvindcg,India,False,False,961,1909,138,149,1786,Thu Oct 25 18:06:57 +0000 2007,False,False
5527,733449691065679878,Ms_TCosta,"Mississauga, Ontario",False,False,223,269,12,1691,1267,Fri May 20 00:10:08 +0000 2016,False,False
0,562076241,AlbaNebotLopeez,Barcelona.,False,False,133,167,1,374,382,Tue Apr 24 12:48:02 +0000 2012,False,False
2482,732607720570884096,valeet,Spain,False,False,456,235,21,1025,1195,Tue May 17 16:24:26 +0000 2016,False,False
3755,414709805,LedesmaNando,Ecuador ,False,False,227,2118,29,500,405,Thu Nov 17 11:43:43 +0000 2011,False,False
11293,82199852,CavDragon,Colombia,False,False,95,276,11,23,1347,Tue Oct 13 21:43:28 +0000 2009,False,False
7218,740669546,danikellogg,"Charlotte, NC",False,False,447,1008,23,2367,1135,Mon Aug 06 13:51:14 +0000 2012,False,False
10991,66556221,agustin107,Corrientes - Argentina,False,False,484,1293,36,407,902,Tue Aug 18 01:34:32 +0000 2009,False,False
3647,826797048796155904,sdrobertsCode,"Leeds, England",False,False,1015,2305,11,5787,520,Wed Feb 01 14:19:12 +0000 2017,True,False
5293,3088447145,EpigenomicsNet,,False,False,1675,2591,71,252,1604,Thu Mar 12 09:57:31 +0000 2015,True,False
10201,275162486,SinfulRevenant,"Mumbai, India",False,False,132,316,0,19,518,Thu Mar 31 19:07:15 +0000 2011,False,False
11268,190659486,fguzman_,"Ja칠n, Espa침a.",False,False,702,2246,16,287,1330,Tue Sep 14 14:33:51 +0000 2010,False,False
6518,254006414,joyofwriting,France,False,False,453,1120,113,556,1830,Fri Feb 18 12:38:24 +0000 2011,False,False
6598,138809548,katheroine,Poland,False,False,35,141,3,119,652,Fri Apr 30 17:19:06 +0000 2010,False,False
6660,4715626692,jcre_75,"North Miami Beach, FL",False,False,40,147,0,84,472,Tue Jan 05 23:05:58 +0000 2016,True,False
10326,48522869,georgiolouis666,Ecuador,False,False,406,1064,5,22,909,Thu Jun 18 22:56:40 +0000 2009,False,False
5945,233933746,Chus_Galan,,False,False,244,1806,4,14609,1595,Tue Jan 04 13:13:29 +0000 2011,False,False
9437,2179181677,oguzakgungor,New York City,False,False,126,179,39,127,604,Thu Nov 07 02:23:36 +0000 2013,True,False
1717,23480966,JohannaGlobe,"Madrid, Spain",False,False,1124,1839,0,1627,706,Mon Mar 09 18:58:40 +0000 2009,False,False
10957,86860493,fesotovi,Madrid,False,False,192,508,20,94,702,Mon Nov 02 03:06:30 +0000 2009,False,False
495,176758828,MariaMacia,Barcelona,False,False,1080,1071,24,652,763,Tue Aug 10 10:51:29 +0000 2010,False,False
10676,428411076,grydl,"Tenerife, Islas Canarias",False,False,151,335,16,377,1027,Sun Dec 04 18:42:41 +0000 2011,True,False
5237,349667560,Julio_Arias,Madrid,False,False,268,694,16,526,554,Sat Aug 06 13:55:22 +0000 2011,False,False
11205,190293208,Maye016,Bogot치,False,False,216,193,0,114,630,Mon Sep 13 15:51:00 +0000 2010,False,False
7222,4217697231,tmindacademy,Here,False,False,1324,4676,16,1458,1092,Wed Nov 18 12:08:33 +0000 2015,True,False
2606,44007601,mlarreaza,"Barcelona, Spain",False,False,341,1858,4,5294,1695,Mon Jun 01 23:50:53 +0000 2009,False,False
10039,2183357102,DigiBizDesign,"Sydney, New South Wales",False,False,399,840,22,159,974,Sat Nov 09 01:39:20 +0000 2013,False,False
11101,704636707,PabloLaVegui,"Madrid, Comunidad de Madrid",False,False,215,866,10,3694,1516,Thu Jul 19 08:19:01 +0000 2012,False,False
8780,181490051,molmedoz,,False,False,102,182,4,113,671,Sun Aug 22 09:58:31 +0000 2010,True,False
9816,2912589971,uesteibar,"Barcelona, Spain",False,False,276,309,20,2459,420,Tue Dec 09 11:51:01 +0000 2014,True,False
9141,243788313,neneando,,False,False,234,1034,4,238,1187,Thu Jan 27 20:28:32 +0000 2011,False,False
5120,768975053136343041,SP_MikeM,Status.Stackpath.com,False,False,403,644,173,28,1292,Fri Aug 26 00:55:14 +0000 2016,True,False
10454,563921660,charles_vickery,"San Francisco, CA",False,False,406,1184,19,869,1654,Thu Apr 26 18:08:30 +0000 2012,False,False
4860,1710661746,AgileNonExec,London,False,False,107,297,8,19,681,Thu Aug 29 18:30:44 +0000 2013,False,False
10725,138305530,daniellamela1,San antonio,False,False,546,1249,1,105,889,Thu Apr 29 05:15:02 +0000 2010,True,False
3179,2222307983,Martha_rvg4,Madrid,False,False,136,347,3,790,778,Thu Dec 12 22:33:32 +0000 2013,True,False
3297,831286805840408576,Konexio_eu,"Paris, France",False,False,1024,1466,32,1454,1485,Mon Feb 13 23:39:53 +0000 2017,True,False
12020,357752892,josechul23,osorno,False,False,196,463,1,26,1059,Thu Aug 18 21:11:55 +0000 2011,False,False
10407,545432525,titconsultores,"Puerto La Cruz, Venezuela",False,False,609,1693,130,1170,1314,Wed Apr 04 20:52:58 +0000 2012,True,False
11235,1469798551,RaritetDotCO,"Hollyweird, FL, USA",False,False,80,609,2,2722,1631,Thu May 30 13:46:13 +0000 2013,False,False
9234,3066743615,Emmanueljdykes,"Oklahoma City, OK",False,False,461,1419,0,288,464,Tue Mar 03 02:07:50 +0000 2015,True,False
7652,222273453,DavidCamCas,Barcelona,False,False,221,344,14,170,1410,Thu Dec 02 23:08:17 +0000 2010,False,False
10296,2838187780,helloyoungfish,Barcelona,False,False,341,370,34,210,544,Mon Oct 20 14:49:06 +0000 2014,False,False
9878,1070191146,Arkalium07,"Ard칟che , Plan칟te Terre",False,False,233,1763,3,3204,1665,Tue Jan 08 07:04:11 +0000 2013,False,False
5479,898468592,JavaHard,"North West, England",False,False,5794,1844,23,3810,1806,Mon Oct 22 21:31:52 +0000 2012,False,False
291,61331756,jonathapaiva,S칚o Paulo - Brasil,False,False,405,2448,14,11,650,Wed Jul 29 23:55:38 +0000 2009,True,False
4386,15119214,xDae,"Helsinki, Finland",False,False,305,490,32,483,1432,Sat Jun 14 19:39:15 +0000 2008,False,False
6162,758061,FerMartin,"Canary Islands, Spain",False,False,727,775,34,663,1322,Thu Feb 08 18:18:40 +0000 2007,False,False
5602,2815282292,DomHolmes147,London,False,False,518,924,42,1025,1007,Wed Sep 17 17:10:34 +0000 2014,False,False
5388,3728671409,beame_io,Israel,False,False,938,1963,332,4616,1608,Mon Sep 21 13:39:01 +0000 2015,False,False
10321,35280653,EleazarVqz,Mexico,False,False,27,90,1,27,546,Sat Apr 25 18:51:52 +0000 2009,False,False
4867,706098602356162560,MarlierVanessa,"Paris, France",False,False,149,832,5,239,568,Sat Mar 05 12:46:40 +0000 2016,False,False
3122,823361727433740288,errm0095,"Hassan, Morocco",False,False,205,3304,0,216,740,Mon Jan 23 02:48:27 +0000 2017,True,False
7030,2274963944,canadahorsegirl,"Calgary, Alberta",False,False,209,631,13,2610,571,Fri Jan 03 19:16:46 +0000 2014,True,False
10256,121423171,a_martg,Madrid,False,False,319,1096,35,117,693,Tue Mar 09 13:06:53 +0000 2010,False,False
1069,1075486923563696128,KristinaXwill,"Los Angeles, CA",False,False,666,2967,27,3849,1169,Wed Dec 19 20:23:58 +0000 2018,False,False
11269,607591211,saul__huerta,"Distrito Federal, M칠xico",False,False,498,1591,34,2107,940,Wed Jun 13 22:04:46 +0000 2012,False,False
6854,756176714,bbdmiami,"New York/Miami, USA",False,False,812,1963,12,59,657,Tue Aug 14 01:10:53 +0000 2012,False,False
2543,26431504,VintageBonsai,"Mexico City, Mexico",False,False,155,428,2,147,942,Wed Mar 25 04:38:31 +0000 2009,False,False
9958,89043431,buddhisttherapy,,False,False,5021,3804,55,65,1190,Tue Nov 10 22:45:39 +0000 2009,True,False
105,160644075,almsasantos,Portugal,False,False,91,329,0,3,584,Mon Jun 28 19:19:57 +0000 2010,False,False
3353,287557907,MathieuMcFly,Paris,False,False,525,1412,107,198,1515,Mon Apr 25 07:00:06 +0000 2011,False,False
8083,1044752288,abdel_elbel,"Paris, France",False,False,397,1350,16,235,872,Sat Dec 29 12:45:42 +0000 2012,False,False
11194,2516338579,CARBARJALJERRY,,False,False,162,208,1,1622,1710,Thu May 22 21:05:15 +0000 2014,True,False
8170,2911667307,EtickOficial,El VEV Madrid,False,False,330,1209,21,409,777,Mon Dec 08 22:09:08 +0000 2014,False,False
11703,1118817110,Paul_Kilfeather,Dublin,False,False,410,1251,8,979,656,Fri Jan 25 09:04:53 +0000 2013,False,False
4827,87669563,AduxSpain,"Madrid, Spain",False,False,833,1521,24,159,755,Thu Nov 05 11:56:43 +0000 2009,False,False
6007,2366262181,gosmartnetworks,"Raleigh-Durham, North Carolina",False,False,331,963,12,90,518,Sat Mar 01 00:06:19 +0000 2014,True,False
6550,344645914,imagine_ware,"Colmenarejo, Madrid",False,False,202,146,6,31,563,Fri Jul 29 11:11:59 +0000 2011,False,False
5809,50842703,WendiSpeciale,"Austin, TX",False,False,227,1048,97,948,1009,Fri Jun 26 00:35:39 +0000 2009,False,False
